{"nm":"expired","ddd":0,"h":1200,"w":1200,"meta":{"g":"LottieFiles AE 0.1.20"},"layers":[{"ty":4,"nm":"bling","sr":1,"st":0,"op":119.000004846969,"ip":0,"hd":false,"ddd":0,"bm":0,"hasMask":false,"ao":0,"ks":{"a":{"a":0,"k":[73.056,25.008,0],"ix":1},"s":{"a":1,"k":[{"o":{"x":0.75,"y":0},"i":{"x":0.67,"y":1},"s":[0,0,100],"t":15},{"o":{"x":0.75,"y":0},"i":{"x":0.833,"y":1},"s":[140,140,100],"t":24},{"s":[120,120,100],"t":27.0000010997325}],"ix":6},"sk":{"a":0,"k":0},"p":{"a":0,"k":[612.973,702.154,0],"ix":2},"r":{"a":0,"k":-1.539,"ix":10},"sa":{"a":0,"k":0},"o":{"a":0,"k":100,"ix":11}},"ef":[],"shapes":[{"ty":"gr","bm":0,"hd":false,"mn":"ADBE Vector Group","nm":"Group 1","ix":1,"cix":2,"np":2,"it":[{"ty":"sh","bm":0,"hd":false,"mn":"ADBE Vector Shape - Group","nm":"Path 1","ix":1,"d":1,"ks":{"a":0,"k":{"c":true,"i":[[-3.406,2.502],[-3.123,-4.278],[0,0],[3.616,-2.654],[0,0],[3.007,4.759],[0,0]],"o":[[3.409,-2.502],[0,0],[3.307,4.537],[0,0],[-3.614,2.654],[0,0],[-2.829,-4.483]],"v":[[-33.271,-48.083],[-21.59,-44.906],[33.818,31.046],[33.258,44.232],[28.22,47.93],[16.078,44.072],[-34.297,-35.582]]},"ix":2}},{"ty":"fl","bm":0,"hd":false,"mn":"ADBE Vector Graphic - Fill","nm":"Fill 1","c":{"a":0,"k":[0.9294,0.4941,0.4941],"ix":4},"r":1,"o":{"a":0,"k":100,"ix":5}},{"ty":"tr","a":{"a":0,"k":[0,0],"ix":1},"s":{"a":0,"k":[100,100],"ix":3},"sk":{"a":0,"k":0,"ix":4},"p":{"a":0,"k":[136.736,50.835],"ix":2},"r":{"a":0,"k":0,"ix":6},"sa":{"a":0,"k":0,"ix":5},"o":{"a":0,"k":100,"ix":7}}]},{"ty":"gr","bm":0,"hd":false,"mn":"ADBE Vector Group","nm":"Group 2","ix":2,"cix":2,"np":2,"it":[{"ty":"sh","bm":0,"hd":false,"mn":"ADBE Vector Shape - Group","nm":"Path 1","ix":1,"d":1,"ks":{"a":0,"k":{"c":true,"i":[[-1.334,0.071],[-0.607,-0.232],[-0.473,-0.448],[-0.264,-0.593],[-0.017,-0.65],[0,0],[0.939,-1.048],[1.405,-0.077],[0,0],[0.632,0.26],[0.48,0.492],[0.24,0.642],[-0.038,0.685],[0,0],[-0.927,0.955]],"o":[[0.649,-0.018],[0.607,0.232],[0.471,0.445],[0.266,0.593],[0,0],[0.073,1.406],[-0.941,1.048],[0,0],[-0.685,0.018],[-0.637,-0.259],[-0.478,-0.493],[-0.239,-0.643],[0,0],[0.034,-1.332],[0.931,-0.956]],"v":[[-0.327,-29.948],[1.574,-29.624],[3.206,-28.596],[4.321,-27.023],[4.749,-25.142],[7.035,24.22],[5.681,28.052],[2.019,29.81],[-1.989,29.948],[-3.989,29.582],[-5.678,28.444],[-6.763,26.723],[-7.07,24.71],[-5.348,-24.792],[-3.848,-28.35]]},"ix":2}},{"ty":"fl","bm":0,"hd":false,"mn":"ADBE Vector Graphic - Fill","nm":"Fill 1","c":{"a":0,"k":[0.9294,0.4941,0.4941],"ix":4},"r":1,"o":{"a":0,"k":100,"ix":5}},{"ty":"tr","a":{"a":0,"k":[0,0],"ix":1},"s":{"a":0,"k":[100,100],"ix":3},"sk":{"a":0,"k":0,"ix":4},"p":{"a":0,"k":[77.521,53.879],"ix":2},"r":{"a":0,"k":0,"ix":6},"sa":{"a":0,"k":0,"ix":5},"o":{"a":0,"k":100,"ix":7}}]},{"ty":"gr","bm":0,"hd":false,"mn":"ADBE Vector Group","nm":"Group 3","ix":3,"cix":2,"np":2,"it":[{"ty":"sh","bm":0,"hd":false,"mn":"ADBE Vector Shape - Group","nm":"Path 1","ix":1,"d":1,"ks":{"a":0,"k":{"c":true,"i":[[-1.909,-0.655],[-0.849,-1.828],[0.659,-1.904],[0,0],[4.093,1.493],[0,0],[-1.737,4.188],[0,0],[-1.831,0.847]],"o":[[1.879,0.727],[0.848,1.828],[0,0],[-1.396,4.314],[0,0],[-4.092,-1.494],[0,0],[0.737,-1.878],[1.833,-0.847]],"v":[[17.717,-44.007],[21.968,-40.025],[22.264,-34.207],[-1.1,38.001],[-11.163,43.169],[-16.867,41.085],[-21.186,30.664],[7.884,-39.461],[11.887,-43.707]]},"ix":2}},{"ty":"fl","bm":0,"hd":false,"mn":"ADBE Vector Graphic - Fill","nm":"Fill 1","c":{"a":0,"k":[0.9294,0.4941,0.4941],"ix":4},"r":1,"o":{"a":0,"k":100,"ix":5}},{"ty":"tr","a":{"a":0,"k":[0,0],"ix":1},"s":{"a":0,"k":[100,100],"ix":3},"sk":{"a":0,"k":0,"ix":4},"p":{"a":0,"k":[23.173,65.104],"ix":2},"r":{"a":0,"k":0,"ix":6},"sa":{"a":0,"k":0,"ix":5},"o":{"a":0,"k":100,"ix":7}}]}],"ind":1},{"ty":4,"nm":"bling","sr":1,"st":0,"op":119.000004846969,"ip":0,"hd":false,"ddd":0,"bm":0,"hasMask":false,"ao":0,"ks":{"a":{"a":0,"k":[113.091,96.786,0],"ix":1},"s":{"a":1,"k":[{"o":{"x":0.75,"y":0},"i":{"x":0.67,"y":1},"s":[0,0,100],"t":15},{"o":{"x":0.75,"y":0},"i":{"x":0.833,"y":1},"s":[141,141,100],"t":24},{"s":[120,120,100],"t":27.0000010997325}],"ix":6},"sk":{"a":0,"k":0},"p":{"a":0,"k":[567.199,505.874,0],"ix":2},"r":{"a":0,"k":7.807,"ix":10},"sa":{"a":0,"k":0},"o":{"a":0,"k":100,"ix":11}},"ef":[],"shapes":[{"ty":"gr","bm":0,"hd":false,"mn":"ADBE Vector Group","nm":"Group 1","ix":1,"cix":2,"np":2,"it":[{"ty":"sh","bm":0,"hd":false,"mn":"ADBE Vector Shape - Group","nm":"Path 1","ix":1,"d":1,"ks":{"a":0,"k":{"c":true,"i":[[2.655,-3.289],[4.11,3.339],[0,0],[-2.817,3.487],[0,0],[-4.124,-3.832],[0,0]],"o":[[-2.655,3.29],[0,0],[-4.359,-3.542],[0,0],[2.816,-3.488],[0,0],[3.889,3.612]],"v":[[44.031,38.662],[31.927,38.573],[-41.041,-20.711],[-43.869,-33.601],[-39.944,-38.464],[-27.219,-37.835],[41.824,26.313]]},"ix":2}},{"ty":"fl","bm":0,"hd":false,"mn":"ADBE Vector Graphic - Fill","nm":"Fill 1","c":{"a":0,"k":[0.9294,0.4941,0.4941],"ix":4},"r":1,"o":{"a":0,"k":100,"ix":5}},{"ty":"tr","a":{"a":0,"k":[0,0],"ix":1},"s":{"a":0,"k":[100,100],"ix":3},"sk":{"a":0,"k":0,"ix":4},"p":{"a":0,"k":[46.936,87.369],"ix":2},"r":{"a":0,"k":0,"ix":6},"sa":{"a":0,"k":0,"ix":5},"o":{"a":0,"k":100,"ix":7}}]},{"ty":"gr","bm":0,"hd":false,"mn":"ADBE Vector Group","nm":"Group 2","ix":2,"cix":2,"np":2,"it":[{"ty":"sh","bm":0,"hd":false,"mn":"ADBE Vector Shape - Group","nm":"Path 1","ix":1,"d":1,"ks":{"a":0,"k":{"c":true,"i":[[1.27,-0.409],[0.646,0.069],[0.57,0.311],[0.408,0.506],[0.183,0.623],[0,0],[-0.642,1.253],[-1.34,0.434],[0,0],[-0.68,-0.088],[-0.587,-0.354],[-0.396,-0.56],[-0.137,-0.671],[0,0],[0.655,-1.162]],"o":[[-0.623,0.183],[-0.646,-0.069],[-0.57,-0.311],[-0.407,-0.505],[0,0],[-0.43,-1.341],[0.642,-1.254],[0,0],[0.658,-0.192],[0.68,0.089],[0.588,0.354],[0.396,0.56],[0,0],[0.306,1.298],[-0.656,1.161]],"v":[[8.769,29.169],[6.848,29.342],[5.007,28.765],[3.527,27.528],[2.633,25.819],[-12.184,-21.322],[-11.854,-25.373],[-8.759,-28.007],[-4.923,-29.165],[-2.894,-29.322],[-0.973,-28.652],[0.518,-27.266],[1.326,-25.399],[12.308,22.902],[11.764,26.728]]},"ix":2}},{"ty":"fl","bm":0,"hd":false,"mn":"ADBE Vector Graphic - Fill","nm":"Fill 1","c":{"a":0,"k":[0.9294,0.4941,0.4941],"ix":4},"r":1,"o":{"a":0,"k":100,"ix":5}},{"ty":"tr","a":{"a":0,"k":[0,0],"ix":1},"s":{"a":0,"k":[100,100],"ix":3},"sk":{"a":0,"k":0,"ix":4},"p":{"a":0,"k":[102.187,69.677],"ix":2},"r":{"a":0,"k":0,"ix":6},"sa":{"a":0,"k":0,"ix":5},"o":{"a":0,"k":100,"ix":7}}]},{"ty":"gr","bm":0,"hd":false,"mn":"ADBE Vector Group","nm":"Group 3","ix":3,"cix":2,"np":2,"it":[{"ty":"sh","bm":0,"hd":false,"mn":"ADBE Vector Shape - Group","nm":"Path 1","ix":1,"d":1,"ks":{"a":0,"k":{"c":true,"i":[[2.013,0.144],[1.287,1.55],[-0.151,2.01],[0,0],[-4.337,-0.4],[0,0],[0.606,-4.495],[0,0],[1.55,-1.286]],"o":[[-2.004,-0.222],[-1.286,-1.55],[0,0],[0.248,-4.527],[0,0],[4.337,0.4],[0,0],[-0.236,2.004],[-1.556,1.286]],"v":[[-6.048,45.959],[-11.176,43.196],[-12.948,37.647],[-8.8,-38.137],[-0.391,-45.703],[5.656,-45.143],[12.493,-36.17],[2.298,39.054],[-0.488,44.18]]},"ix":2}},{"ty":"fl","bm":0,"hd":false,"mn":"ADBE Vector Graphic - Fill","nm":"Fill 1","c":{"a":0,"k":[0.9294,0.4941,0.4941],"ix":4},"r":1,"o":{"a":0,"k":100,"ix":5}},{"ty":"tr","a":{"a":0,"k":[0,0],"ix":1},"s":{"a":0,"k":[100,100],"ix":3},"sk":{"a":0,"k":0,"ix":4},"p":{"a":0,"k":[152.834,46.353],"ix":2},"r":{"a":0,"k":0,"ix":6},"sa":{"a":0,"k":0,"ix":5},"o":{"a":0,"k":100,"ix":7}}]}],"ind":2},{"ty":4,"nm":"left plug","sr":1,"st":0,"op":119.000004846969,"ip":0,"hd":false,"ddd":0,"bm":0,"hasMask":false,"ao":0,"ks":{"a":{"a":0,"k":[360.167,138.259,0],"ix":1},"s":{"a":0,"k":[100,100,100],"ix":6},"sk":{"a":0,"k":0},"p":{"a":1,"k":[{"o":{"x":0.52,"y":0},"i":{"x":0.48,"y":1},"s":[530.43,618.695,0],"t":0,"ti":[4.167,-0.333,0],"to":[1.167,-2,0]},{"o":{"x":0.52,"y":0},"i":{"x":0.833,"y":0.833},"s":[537.43,606.695,0],"t":6,"ti":[2.667,-0.667,0],"to":[-4.167,0.333,0]},{"o":{"x":0.167,"y":0.167},"i":{"x":0,"y":1},"s":[505.43,620.695,0],"t":12,"ti":[-6.184,3.386,0],"to":[-1.264,0.316,0]},{"o":{"x":0.05,"y":0},"i":{"x":0,"y":1},"s":[517.551,613.746,0],"t":17,"ti":[16.353,-5.658,0],"to":[6.861,-3.757,0]},{"o":{"x":0.05,"y":0},"i":{"x":0.48,"y":1},"s":[407.43,664.695,0],"t":25,"ti":[-2,2.833,0],"to":[-16.353,5.658,0]},{"s":[419.43,647.695,0],"t":31.0000012626559}],"ix":2},"r":{"a":0,"k":0,"ix":10},"sa":{"a":0,"k":0},"o":{"a":0,"k":100,"ix":11}},"ef":[],"shapes":[{"ty":"gr","bm":0,"hd":false,"mn":"ADBE Vector Group","nm":"Group 1","ix":1,"cix":2,"np":2,"it":[{"ty":"sh","bm":0,"hd":false,"mn":"ADBE Vector Shape - Group","nm":"Path 1","ix":1,"d":1,"ks":{"a":0,"k":{"c":true,"i":[[5.79,-2.167],[0,0],[-2.167,-5.791],[0,0],[-5.79,2.167],[0,0],[2.167,5.79],[0,0]],"o":[[0,0],[-5.791,2.168],[0,0],[2.166,5.789],[0,0],[5.79,-2.167],[0,0],[-2.167,-5.79]],"v":[[-22.846,-61.849],[-23.373,-61.651],[-29.935,-47.243],[8.44,55.289],[22.848,61.849],[23.375,61.651],[29.935,47.243],[-8.44,-55.288]]},"ix":2}},{"ty":"fl","bm":0,"hd":false,"mn":"ADBE Vector Graphic - Fill","nm":"Fill 1","c":{"a":0,"k":[0.7216,0.102,0.102],"ix":4},"r":1,"o":{"a":0,"k":100,"ix":5}},{"ty":"tr","a":{"a":0,"k":[0,0],"ix":1},"s":{"a":0,"k":[100,100],"ix":3},"sk":{"a":0,"k":0,"ix":4},"p":{"a":0,"k":[432.484,127.132],"ix":2},"r":{"a":0,"k":0,"ix":6},"sa":{"a":0,"k":0,"ix":5},"o":{"a":0,"k":100,"ix":7}}]},{"ty":"gr","bm":0,"hd":false,"mn":"ADBE Vector Group","nm":"Group 2","ix":2,"cix":2,"np":2,"it":[{"ty":"sh","bm":0,"hd":false,"mn":"ADBE Vector Shape - Group","nm":"Path 1","ix":1,"d":1,"ks":{"a":0,"k":{"c":true,"i":[[8.685,-3.25],[0,0],[-3.251,-8.685],[0,0],[-8.685,3.251],[0,0],[3.25,8.685],[0,0]],"o":[[0,0],[-8.685,3.25],[0,0],[3.251,8.685],[0,0],[8.684,-3.251],[0,0],[-3.25,-8.685]],"v":[[8.222,-62.728],[-47.385,-41.915],[-57.225,-20.304],[-29.833,52.887],[-8.221,62.727],[47.386,41.915],[57.226,20.303],[29.833,-52.887]]},"ix":2}},{"ty":"fl","bm":0,"hd":false,"mn":"ADBE Vector Graphic - Fill","nm":"Fill 1","c":{"a":0,"k":[0.7216,0.102,0.102],"ix":4},"r":1,"o":{"a":0,"k":100,"ix":5}},{"ty":"tr","a":{"a":0,"k":[0,0],"ix":1},"s":{"a":0,"k":[100,100],"ix":3},"sk":{"a":0,"k":0,"ix":4},"p":{"a":0,"k":[389.634,143.169],"ix":2},"r":{"a":0,"k":0,"ix":6},"sa":{"a":0,"k":0,"ix":5},"o":{"a":0,"k":100,"ix":7}}]},{"ty":"gr","bm":0,"hd":false,"mn":"ADBE Vector Group","nm":"Group 3","ix":3,"cix":2,"np":2,"it":[{"ty":"sh","bm":0,"hd":false,"mn":"ADBE Vector Shape - Group","nm":"Path 1","ix":1,"d":1,"ks":{"a":0,"k":{"c":true,"i":[[8.685,-3.25],[0,0],[-3.25,-8.685],[0,0],[-8.685,3.25],[0,0],[3.251,8.684],[0,0]],"o":[[0,0],[-8.685,3.25],[0,0],[3.251,8.686],[0,0],[8.685,-3.251],[0,0],[-3.25,-8.684]],"v":[[3.768,-46.725],[-33.52,-32.768],[-43.36,-11.157],[-25.38,36.883],[-3.769,46.725],[33.519,32.769],[43.359,11.158],[25.379,-36.884]]},"ix":2}},{"ty":"fl","bm":0,"hd":false,"mn":"ADBE Vector Graphic - Fill","nm":"Fill 1","c":{"a":0,"k":[0.5412,0.7059,0.902],"ix":4},"r":1,"o":{"a":0,"k":100,"ix":5}},{"ty":"tr","a":{"a":0,"k":[0,0],"ix":1},"s":{"a":0,"k":[100,100],"ix":3},"sk":{"a":0,"k":0,"ix":4},"p":{"a":0,"k":[332.012,164.153],"ix":2},"r":{"a":0,"k":0,"ix":6},"sa":{"a":0,"k":0,"ix":5},"o":{"a":0,"k":100,"ix":7}}]},{"ty":"gr","bm":0,"hd":false,"mn":"ADBE Vector Group","nm":"Group 4","ix":4,"cix":2,"np":2,"it":[{"ty":"sh","bm":0,"hd":false,"mn":"ADBE Vector Shape - Group","nm":"Path 1","ix":1,"d":1,"ks":{"a":0,"k":{"c":true,"i":[[8.685,-3.251],[0,0],[-3.25,-8.685],[0,0],[-8.684,3.25],[0,0],[3.251,8.685],[0,0]],"o":[[0,0],[-8.684,3.251],[0,0],[3.25,8.685],[0,0],[8.685,-3.251],[0,0],[-3.25,-8.685]],"v":[[6.07,-22.1],[-19.089,-12.684],[-28.93,8.927],[-27.682,12.26],[-6.072,22.1],[19.089,12.685],[28.928,-8.927],[27.682,-12.259]]},"ix":2}},{"ty":"fl","bm":0,"hd":false,"mn":"ADBE Vector Graphic - Fill","nm":"Fill 1","c":{"a":0,"k":[0.7216,0.102,0.102],"ix":4},"r":1,"o":{"a":0,"k":100,"ix":5}},{"ty":"tr","a":{"a":0,"k":[0,0],"ix":1},"s":{"a":0,"k":[100,100],"ix":3},"sk":{"a":0,"k":0,"ix":4},"p":{"a":0,"k":[287.201,180.924],"ix":2},"r":{"a":0,"k":0,"ix":6},"sa":{"a":0,"k":0,"ix":5},"o":{"a":0,"k":100,"ix":7}}]}],"ind":3},{"ty":4,"nm":"left","sr":1,"st":0,"op":119.000004846969,"ip":0,"hd":false,"ddd":0,"bm":0,"hasMask":false,"ao":0,"ks":{"a":{"a":0,"k":[0,0,0],"ix":1},"s":{"a":0,"k":[100,100,100],"ix":6},"sk":{"a":0,"k":0},"p":{"a":0,"k":[600,600,0],"ix":2},"r":{"a":0,"k":0,"ix":10},"sa":{"a":0,"k":0},"o":{"a":0,"k":100,"ix":11}},"ef":[],"shapes":[{"ty":"gr","bm":0,"hd":false,"mn":"ADBE Vector Group","nm":"Shape 1","ix":1,"cix":2,"np":3,"it":[{"ty":"sh","bm":0,"hd":false,"mn":"ADBE Vector Shape - Group","nm":"Path 1","ix":1,"d":1,"ks":{"a":1,"k":[{"o":{"x":0.52,"y":0},"i":{"x":0.48,"y":1},"s":[{"c":false,"i":[[0,0],[43.7,66.591],[31,48],[0,0]],"o":[[0,0],[-21,-32],[-38.224,-59.186],[0,0]],"v":[[-148.5,65],[-347.5,61],[-400.5,-40],[-506.5,-98]]}],"t":0},{"o":{"x":0.52,"y":0},"i":{"x":0.833,"y":0.833},"s":[{"c":false,"i":[[0,0],[43.7,66.591],[31,48],[0,0]],"o":[[0,0],[-21,-32],[-38.224,-59.186],[0,0]],"v":[[-147.5,55],[-344.5,70],[-400.5,-40],[-506.5,-98]]}],"t":6},{"o":{"x":0.167,"y":0.167},"i":{"x":0,"y":1},"s":[{"c":false,"i":[[0,0],[43.7,66.591],[31,48],[0,0]],"o":[[0,0],[-21,-32],[-38.224,-59.186],[0,0]],"v":[[-179.5,67],[-367.5,75],[-401.5,-28],[-516.5,-110]]}],"t":12},{"o":{"x":0.05,"y":0},"i":{"x":0,"y":1},"s":[{"c":false,"i":[[0,0],[43.7,66.591],[31,48],[0,0]],"o":[[0,0],[-21,-32],[-38.224,-59.186],[0,0]],"v":[[-161.5,59],[-352.5,76],[-401.5,-28],[-516.5,-110]]}],"t":17},{"o":{"x":0.05,"y":0},"i":{"x":0.48,"y":1},"s":[{"c":false,"i":[[0,0],[36.278,70.908],[31,57],[0,0]],"o":[[0,0],[-22,-43],[-33.662,-61.894],[0,0]],"v":[[-269.5,110],[-404.5,84],[-405.5,-58],[-519.5,-109]]}],"t":25},{"s":[{"c":false,"i":[[0,0],[41.371,68.062],[22,47],[0,0]],"o":[[0,0],[-31,-51],[-29.869,-63.811],[0,0]],"v":[[-270.5,98],[-406.5,77],[-405.5,-58],[-520.5,-112]]}],"t":31.0000012626559}],"ix":2}},{"ty":"st","bm":0,"hd":false,"mn":"ADBE Vector Graphic - Stroke","nm":"Stroke 1","lc":2,"lj":1,"ml":4,"o":{"a":0,"k":100,"ix":4},"w":{"a":0,"k":21,"ix":5},"c":{"a":0,"k":[0.9725,0.6588,0.502],"ix":3}},{"ty":"tr","a":{"a":0,"k":[0,0],"ix":1},"s":{"a":0,"k":[100,100],"ix":3},"sk":{"a":0,"k":0,"ix":4},"p":{"a":0,"k":[0,0],"ix":2},"r":{"a":0,"k":0,"ix":6},"sa":{"a":0,"k":0,"ix":5},"o":{"a":0,"k":100,"ix":7}}]}],"ind":4},{"ty":4,"nm":"right plug","sr":1,"st":0,"op":119.000004846969,"ip":0,"hd":false,"ddd":0,"bm":0,"hasMask":false,"ao":0,"ks":{"a":{"a":0,"k":[134.738,79.109,0],"ix":1},"s":{"a":0,"k":[100,100,100],"ix":6},"sk":{"a":0,"k":0},"p":{"a":1,"k":[{"o":{"x":0.52,"y":0},"i":{"x":0.48,"y":1},"s":[683.225,582.683,0],"t":0,"ti":[2.833,1.333,0],"to":[1,-2.667,0]},{"o":{"x":0.52,"y":0},"i":{"x":0.833,"y":0.833},"s":[689.225,566.683,0],"t":6,"ti":[2.5,-0.833,0],"to":[-2.833,-1.333,0]},{"o":{"x":0.167,"y":0.167},"i":{"x":0,"y":1},"s":[666.225,574.683,0],"t":12,"ti":[-8.487,2.569,0],"to":[-2.024,0.675,0]},{"o":{"x":0.05,"y":0},"i":{"x":0,"y":1},"s":[665.315,574.227,0],"t":17,"ti":[-18.652,2.091,0],"to":[1.998,-0.605,0]},{"o":{"x":0.05,"y":0},"i":{"x":0.48,"y":1},"s":[793.225,539.683,0],"t":25,"ti":[2.667,-3.667,0],"to":[18.652,-2.091,0]},{"s":[777.225,561.683,0],"t":31.0000012626559}],"ix":2},"r":{"a":1,"k":[{"o":{"x":0.167,"y":0.167},"i":{"x":0.833,"y":0.833},"s":[0],"t":18},{"s":[9.072],"t":27.0000010997325}],"ix":10},"sa":{"a":0,"k":0},"o":{"a":0,"k":100,"ix":11}},"ef":[],"shapes":[{"ty":"gr","bm":0,"hd":false,"mn":"ADBE Vector Group","nm":"Group 1","ix":1,"cix":2,"np":2,"it":[{"ty":"sh","bm":0,"hd":false,"mn":"ADBE Vector Shape - Group","nm":"Path 1","ix":1,"d":1,"ks":{"a":0,"k":{"c":true,"i":[[5.794,-2.167],[0,0],[-2.166,-5.79],[0,0],[-5.79,2.167],[0,0],[2.167,5.79],[0,0]],"o":[[0,0],[-5.79,2.166],[0,0],[2.171,5.79],[0,0],[5.79,-2.167],[0,0],[-2.166,-5.79]],"v":[[-22.85,-61.849],[-23.375,-61.65],[-29.935,-47.243],[8.437,55.289],[22.845,61.849],[23.376,61.651],[29.934,47.244],[-8.442,-55.288]]},"ix":2}},{"ty":"fl","bm":0,"hd":false,"mn":"ADBE Vector Graphic - Fill","nm":"Fill 1","c":{"a":0,"k":[0.5412,0.7059,0.898],"ix":4},"r":1,"o":{"a":0,"k":100,"ix":5}},{"ty":"tr","a":{"a":0,"k":[0,0],"ix":1},"s":{"a":0,"k":[100,100],"ix":3},"sk":{"a":0,"k":0,"ix":4},"p":{"a":0,"k":[162.61,66.59],"ix":2},"r":{"a":0,"k":0,"ix":6},"sa":{"a":0,"k":0,"ix":5},"o":{"a":0,"k":100,"ix":7}}]},{"ty":"gr","bm":0,"hd":false,"mn":"ADBE Vector Group","nm":"Group 2","ix":2,"cix":2,"np":2,"it":[{"ty":"sh","bm":0,"hd":false,"mn":"ADBE Vector Shape - Group","nm":"Path 1","ix":1,"d":1,"ks":{"a":0,"k":{"c":true,"i":[[8.687,-3.25],[0,0],[-3.247,-8.684],[0,0],[-8.687,3.251],[0,0],[3.247,8.686],[0,0]],"o":[[0,0],[-8.683,3.251],[0,0],[3.252,8.685],[0,0],[8.683,-3.25],[0,0],[-3.252,-8.685]],"v":[[14.042,-64.906],[-53.207,-39.737],[-63.048,-18.126],[-35.653,55.065],[-14.041,64.905],[53.207,39.736],[63.048,18.124],[35.654,-55.066]]},"ix":2}},{"ty":"fl","bm":0,"hd":false,"mn":"ADBE Vector Graphic - Fill","nm":"Fill 1","c":{"a":0,"k":[0.7216,0.102,0.102],"ix":4},"r":1,"o":{"a":0,"k":100,"ix":5}},{"ty":"tr","a":{"a":0,"k":[0,0],"ix":1},"s":{"a":0,"k":[100,100],"ix":3},"sk":{"a":0,"k":0,"ix":4},"p":{"a":0,"k":[115.19,84.502],"ix":2},"r":{"a":0,"k":0,"ix":6},"sa":{"a":0,"k":0,"ix":5},"o":{"a":0,"k":100,"ix":7}}]},{"ty":"gr","bm":0,"hd":false,"mn":"ADBE Vector Group","nm":"Group 3","ix":3,"cix":2,"np":2,"it":[{"ty":"sh","bm":0,"hd":false,"mn":"ADBE Vector Shape - Group","nm":"Path 1","ix":1,"d":1,"ks":{"a":0,"k":{"c":true,"i":[[8.683,-3.25],[0,0],[-3.252,-8.686],[0,0],[-8.686,3.251],[0,0],[3.247,8.685],[0,0]],"o":[[0,0],[-8.683,3.25],[0,0],[3.251,8.685],[0,0],[8.683,-3.25],[0,0],[-3.248,-8.685]],"v":[[16.261,-58.985],[-50.992,-33.816],[-60.828,-12.204],[-37.869,49.144],[-16.257,58.983],[50.992,33.814],[60.833,12.204],[37.87,-49.145]]},"ix":2}},{"ty":"fl","bm":0,"hd":false,"mn":"ADBE Vector Graphic - Fill","nm":"Fill 1","c":{"a":0,"k":[0.5412,0.7059,0.898],"ix":4},"r":1,"o":{"a":0,"k":100,"ix":5}},{"ty":"tr","a":{"a":0,"k":[0,0],"ix":1},"s":{"a":0,"k":[100,100],"ix":3},"sk":{"a":0,"k":0,"ix":4},"p":{"a":0,"k":[173.279,62.485],"ix":2},"r":{"a":0,"k":0,"ix":6},"sa":{"a":0,"k":0,"ix":5},"o":{"a":0,"k":100,"ix":7}}]},{"ty":"gr","bm":0,"hd":false,"mn":"ADBE Vector Group","nm":"Group 4","ix":4,"cix":2,"np":2,"it":[{"ty":"sh","bm":0,"hd":false,"mn":"ADBE Vector Shape - Group","nm":"Path 1","ix":1,"d":1,"ks":{"a":0,"k":{"c":true,"i":[[8.688,-3.25],[0,0],[-3.252,-8.685],[0,0],[-8.686,3.251],[0,0],[3.252,8.685],[0,0]],"o":[[0,0],[-8.688,3.25],[0,0],[3.252,8.685],[0,0],[8.682,-3.25],[0,0],[-3.252,-8.685]],"v":[[6.072,-22.101],[-19.087,-12.683],[-28.928,8.927],[-27.68,12.26],[-6.068,22.099],[19.093,12.684],[28.928,-8.927],[27.685,-12.26]]},"ix":2}},{"ty":"fl","bm":0,"hd":false,"mn":"ADBE Vector Graphic - Fill","nm":"Fill 1","c":{"a":0,"k":[0.7216,0.102,0.102],"ix":4},"r":1,"o":{"a":0,"k":100,"ix":5}},{"ty":"tr","a":{"a":0,"k":[0,0],"ix":1},"s":{"a":0,"k":[100,100],"ix":3},"sk":{"a":0,"k":0,"ix":4},"p":{"a":0,"k":[238.138,40.58],"ix":2},"r":{"a":0,"k":0,"ix":6},"sa":{"a":0,"k":0,"ix":5},"o":{"a":0,"k":100,"ix":7}}]},{"ty":"gr","bm":0,"hd":false,"mn":"ADBE Vector Group","nm":"Group 6","ix":5,"cix":2,"np":2,"it":[{"ty":"sh","bm":0,"hd":false,"mn":"ADBE Vector Shape - Group","nm":"Path 1","ix":1,"d":1,"ks":{"a":0,"k":{"c":true,"i":[[4.346,-1.625],[0,0],[-1.624,-4.342],[0,0],[-4.345,1.625],[0,0],[1.624,4.342],[0,0]],"o":[[0,0],[-4.344,1.625],[0,0],[1.623,4.343],[0,0],[4.342,-1.626],[0,0],[-1.624,-4.342]],"v":[[38.38,-23.827],[-44.594,7.228],[-49.516,18.033],[-49.186,18.907],[-38.38,23.827],[44.593,-7.227],[49.516,-18.033],[49.187,-18.907]]},"ix":2}},{"ty":"fl","bm":0,"hd":false,"mn":"ADBE Vector Graphic - Fill","nm":"Fill 1","c":{"a":0,"k":[0.9725,0.6588,0.502],"ix":4},"r":1,"o":{"a":0,"k":100,"ix":5}},{"ty":"tr","a":{"a":0,"k":[0,0],"ix":1},"s":{"a":0,"k":[100,100],"ix":3},"sk":{"a":0,"k":0,"ix":4},"p":{"a":0,"k":[74.554,131.426],"ix":2},"r":{"a":0,"k":0,"ix":6},"sa":{"a":0,"k":0,"ix":5},"o":{"a":0,"k":100,"ix":7}}]},{"ty":"gr","bm":0,"hd":false,"mn":"ADBE Vector Group","nm":"Group 7","ix":6,"cix":2,"np":2,"it":[{"ty":"sh","bm":0,"hd":false,"mn":"ADBE Vector Shape - Group","nm":"Path 1","ix":1,"d":1,"ks":{"a":0,"k":{"c":true,"i":[[4.346,-1.625],[0,0],[-1.624,-4.342],[0,0],[-4.345,1.625],[0,0],[1.624,4.343],[0,0]],"o":[[0,0],[-4.341,1.625],[0,0],[1.624,4.343],[0,0],[4.342,-1.625],[0,0],[-1.624,-4.343]],"v":[[38.38,-23.827],[-44.593,7.229],[-49.516,18.034],[-49.186,18.907],[-38.38,23.827],[44.593,-7.227],[49.516,-18.033],[49.187,-18.906]]},"ix":2}},{"ty":"fl","bm":0,"hd":false,"mn":"ADBE Vector Graphic - Fill","nm":"Fill 1","c":{"a":0,"k":[0.9725,0.6588,0.502],"ix":4},"r":1,"o":{"a":0,"k":100,"ix":5}},{"ty":"tr","a":{"a":0,"k":[0,0],"ix":1},"s":{"a":0,"k":[100,100],"ix":3},"sk":{"a":0,"k":0,"ix":4},"p":{"a":0,"k":[51.39,69.552],"ix":2},"r":{"a":0,"k":0,"ix":6},"sa":{"a":0,"k":0,"ix":5},"o":{"a":0,"k":100,"ix":7}}]}],"ind":5},{"ty":4,"nm":"right","sr":1,"st":0,"op":119.000004846969,"ip":0,"hd":false,"ddd":0,"bm":0,"hasMask":false,"ao":0,"ks":{"a":{"a":0,"k":[0,0,0],"ix":1},"s":{"a":0,"k":[100,100,100],"ix":6},"sk":{"a":0,"k":0},"p":{"a":0,"k":[606,628,0],"ix":2},"r":{"a":0,"k":0,"ix":10},"sa":{"a":0,"k":0},"o":{"a":0,"k":100,"ix":11}},"ef":[],"shapes":[{"ty":"gr","bm":0,"hd":false,"mn":"ADBE Vector Group","nm":"Shape 1","ix":1,"cix":2,"np":3,"it":[{"ty":"sh","bm":0,"hd":false,"mn":"ADBE Vector Shape - Group","nm":"Path 1","ix":1,"d":1,"ks":{"a":1,"k":[{"o":{"x":0.52,"y":0},"i":{"x":0.48,"y":1},"s":[{"c":false,"i":[[0,0],[-42.607,-48.843],[-16,-36.5],[0,0]],"o":[[0,0],[20.5,23.5],[29.508,67.315],[0,0]],"v":[[185,-86],[326,-85.5],[350.5,10.5],[502.5,69]]}],"t":0},{"o":{"x":0.52,"y":0},"i":{"x":0.833,"y":0.833},"s":[{"c":false,"i":[[0,0],[-37.014,-53.207],[-12,-29.5],[0,0]],"o":[[0,0],[24,34.5],[27.694,68.081],[0,0]],"v":[[203.5,-106],[336.5,-99.5],[354.5,-3.5],[504.5,67]]}],"t":6},{"o":{"x":0.167,"y":0.167},"i":{"x":0,"y":1},"s":[{"c":false,"i":[[0,0],[-42.181,-49.211],[-16,-36],[0,0]],"o":[[0,0],[18,21],[29.85,67.164],[0,0]],"v":[[174.5,-95.5],[314.5,-98],[346.5,5],[502.5,61]]}],"t":12},{"o":{"x":0.05,"y":0},"i":{"x":0,"y":1},"s":[{"c":false,"i":[[0,0],[-40,-51],[-13,-49],[0,0]],"o":[[0,0],[32.387,41.293],[18.848,71.041],[0,0]],"v":[[185.5,-100],[328.5,-102],[352.5,9],[502.5,79]]}],"t":17},{"o":{"x":0.05,"y":0},"i":{"x":0.48,"y":1},"s":[{"c":false,"i":[[0,0],[-27,-45],[-19,-71],[0,0]],"o":[[0,0],[27,45],[19,71],[0,0]],"v":[[298.5,-115],[445.5,-102],[388.5,40],[518.5,72]]}],"t":25},{"s":[{"c":false,"i":[[0,0],[-27,-45],[-13,-52],[0,0]],"o":[[0,0],[27,45],[17.826,71.304],[0,0]],"v":[[282.5,-88],[415.5,-79],[379.5,46],[510.5,71]]}],"t":31.0000012626559}],"ix":2}},{"ty":"st","bm":0,"hd":false,"mn":"ADBE Vector Graphic - Stroke","nm":"Stroke 1","lc":2,"lj":1,"ml":4,"o":{"a":0,"k":100,"ix":4},"w":{"a":0,"k":21,"ix":5},"c":{"a":0,"k":[0.9725,0.6588,0.502],"ix":3}},{"ty":"tr","a":{"a":0,"k":[0,0],"ix":1},"s":{"a":0,"k":[100,100],"ix":3},"sk":{"a":0,"k":0,"ix":4},"p":{"a":0,"k":[0,0],"ix":2},"r":{"a":0,"k":0,"ix":6},"sa":{"a":0,"k":0,"ix":5},"o":{"a":0,"k":100,"ix":7}}]}],"ind":6},{"ty":4,"nm":"bg","sr":1,"st":0,"op":179.000007290819,"ip":0,"hd":false,"ddd":0,"bm":0,"hasMask":false,"ao":0,"ks":{"a":{"a":0,"k":[-0.5,8,0],"ix":1},"s":{"a":0,"k":[115.063,115.063,100],"ix":6},"sk":{"a":0,"k":0},"p":{"a":0,"k":[599.425,597.205,0],"ix":2},"r":{"a":0,"k":0,"ix":10},"sa":{"a":0,"k":0},"o":{"a":0,"k":30,"ix":11}},"ef":[],"shapes":[{"ty":"gr","bm":0,"hd":false,"mn":"ADBE Vector Group","nm":"Ellipse 1","ix":1,"cix":2,"np":3,"it":[{"ty":"el","bm":0,"hd":false,"mn":"ADBE Vector Shape - Ellipse","nm":"Ellipse Path 1","d":1,"p":{"a":0,"k":[0,0],"ix":3},"s":{"a":0,"k":[940,940],"ix":2}},{"ty":"fl","bm":0,"hd":false,"mn":"ADBE Vector Graphic - Fill","nm":"Fill 1","c":{"a":0,"k":[0.8784,0.8784,0.8588],"ix":4},"r":1,"o":{"a":0,"k":100,"ix":5}},{"ty":"tr","a":{"a":0,"k":[0,0],"ix":1},"s":{"a":0,"k":[100,100],"ix":3},"sk":{"a":0,"k":0,"ix":4},"p":{"a":0,"k":[-0.5,8],"ix":2},"r":{"a":0,"k":0,"ix":6},"sa":{"a":0,"k":0,"ix":5},"o":{"a":0,"k":100,"ix":7}}]}],"ind":7}],"v":"5.5.7","fr":29.9700012207031,"op":60.0000024438501,"ip":0,"assets":[]}