{
  "project_info": {
    "project_number": "795849471537",
    "firebase_url": "https://quizzy-bharat-default-rtdb.firebaseio.com",
    "project_id": "quizzy-bharat",
    "storage_bucket": "quizzy-bharat.appspot.com"
  },
  "client": [
    {
      "client_info": {
        "mobilesdk_app_id": "1:795849471537:android:7738b01d6ea58a2e600710",
        "android_client_info": {
          "package_name": "devs.org.quizzybharat"
        }
      },
      "oauth_client": [
        {
          "client_id": "795849471537-al69n33vhdcjstsuik4faqkuvovusf4h.apps.googleusercontent.com",
          "client_type": 3
        }
      ],
      "api_key": [
        {
          "current_key": "AIzaSyAca_A33pXqnziVge23VUxFrmJrJ9N8qoM"
        }
      ],
      "services": {
        "appinvite_service": {
          "other_platform_oauth_client": [
            {
              "client_id": "795849471537-al69n33vhdcjstsuik4faqkuvovusf4h.apps.googleusercontent.com",
              "client_type": 3
            }
          ]
        }
      }
    }
  ],
  "configuration_version": "1"
}